{
  "project_info": {
    "project_number": "248821184951",
    "firebase_url": "https://notificacion-8c334.firebaseio.com",
    "project_id": "notificacion-8c334",
    "storage_bucket": "notificacion-8c334.appspot.com"
  },
  "client": [
    {
      "client_info": {
        "mobilesdk_app_id": "1:248821184951:android:efc55298e3dd69970f1032",
        "android_client_info": {
          "package_name": "com.example.ud.notificacionfcm"
        }
      },
      "oauth_client": [
        {
          "client_id": "248821184951-6ad6v0qn7erlqo26aro9rvimch0cl74s.apps.googleusercontent.com",
          "client_type": 3
        }
      ],
      "api_key": [
        {
          "current_key": "AIzaSyBK72utEYbNAPxI6iQC9RUepTiUrVW-OtM"
        }
      ],
      "services": {
        "appinvite_service": {
          "other_platform_oauth_client": [
            {
              "client_id": "248821184951-6ad6v0qn7erlqo26aro9rvimch0cl74s.apps.googleusercontent.com",
              "client_type": 3
            }
          ]
        }
      }
    }
  ],
  "configuration_version": "1"
}